event_id,student_id,event_date,course_category,completion_pct,time_spent_minutes,status
EVT-00157,6640,2024-07-26,Data,55.5,258,completed
EVT-00136,7936,2024-09-16,Data,67.6,103,completed
EVT-00213,9039,Jan 21 2024,Data,82.6,380,in_progress
EVT-00096,1079,2024-07-21,Security,75.4,444,completed
EVT-00072,1350,Jun 18 2024,Data,3.8,146,completed
EVT-00489,5149,2024-07-27,Data,79.5,66,in_progress
EVT-00265,8906,2024-03-31,Business,65.4,343,dropped
EVT-00395,6646,2024-10-15,Engineering,60.5,465,in_progress
EVT-00169,1802,2024-08-10,Design,0.1,212,completed
EVT-00477,5376,2024-05-06,Design,1.3,180,completed
EVT-00355,2340,Dec 17 2024,Business,14.7,430,dropped
EVT-00120,8738,Nov 04 2024,Data,26.6,129,completed
EVT-00360,6769,Dec 14 2024,Security,6.0,320,completed
EVT-00387,7230,02/11/2024,Business,25.8,201,completed
EVT-00227,3434,Aug 18 2024,Security,22.9,276,completed
EVT-00144,6787,07/07/2024,Engineering,82.4,217,completed
EVT-00071,2900,Jan 01 2024,Security,20.2,96,completed
EVT-00324,5993,May 27 2024,Security,88.1,356,completed
EVT-00055,4213,Aug 04 2024,Security,21.4,277,completed
EVT-00188,7901,01/05/2024,Business,9.1,163,in_progress
EVT-00287,6843,Aug 18 2024,Security,74.6,155,completed
EVT-00198,3883,Nov 03 2024,Design,,375,in_progress
EVT-00185,5231,05/27/2024,Engineering,58.6,480,completed
EVT-00364,4767,2024-04-11,Engineering,,26,completed
EVT-00404,5859,Aug 17 2024,Business,55.3,463,in_progress
EVT-00068,4408,09/07/2024,Business,81.3,337,completed
EVT-00304,1002,11/21/2024,Business,14.0,364,completed
EVT-00001,1889,Sep 27 2024,Business,26.8,312,completed
EVT-00266,5713,2024-03-05,Design,74.0,239,completed
EVT-00381,3526,Aug 30 2024,Design,27.4,29,completed
EVT-00279,4253,2024-03-13,Security,59.7,371,in_progress
EVT-00328,8406,2024-04-15,Data,33.9,27,completed
EVT-00463,4998,11/24/2024,Engineering,7.2,13,dropped
EVT-00375,3992,05/26/2024,Engineering,49.9,408,completed
EVT-00137,4949,2024-07-18,Engineering,71.4,327,completed
EVT-00339,1806,2024-01-05,Business,99.1,474,in_progress
EVT-00451,9466,01/13/2024,Security,30.6,396,completed
EVT-00126,3240,07/24/2024,Engineering,43.2,65,completed
EVT-00239,8096,2024-02-26,Engineering,54.8,354,completed
EVT-00370,8074,2024-11-23,Business,59.2,478,completed
EVT-00343,5533,Oct 22 2024,Business,10.8,90,completed
EVT-00382,2738,05/04/2024,Engineering,72.2,368,completed
EVT-00039,5369,2024-03-14,Design,,169,completed
EVT-00091,9810,May 02 2024,Security,71.0,216,completed
EVT-00258,9209,2024-08-30,Design,26.5,101,completed
EVT-00249,8221,03/29/2024,Design,32.9,408,completed
EVT-00331,7212,Jul 28 2024,Security,15.4,318,completed
EVT-00015,1488,06/07/2024,Business,30.6,278,completed
EVT-00103,4419,2024-05-31,Security,76.8,449,in_progress
EVT-00294,5109,09/25/2024,Business,57.4,264,completed
EVT-00293,6305,07/17/2024,Data,97.2,107,completed
EVT-00132,5227,07/15/2024,Data,69.2,400,completed
EVT-00443,3630,2024-07-18,Business,49.1,349,dropped
EVT-00147,2667,10/21/2024,Security,41.9,221,completed
EVT-00437,9586,12/30/2024,Design,95.3,177,completed
EVT-00261,5591,12/12/2024,Business,14.4,470,completed
EVT-00104,9835,08/30/2024,Design,52.1,418,completed
EVT-00211,3921,2024-02-29,Security,88.9,20,completed
EVT-00080,2797,2024-10-12,Data,72.4,153,in_progress
EVT-00167,1839,10/19/2024,Data,65.2,306,in_progress
EVT-00486,7182,2024-03-12,Data,57.3,83,dropped
EVT-00112,4286,01/17/2024,Engineering,18.5,163,completed
EVT-00318,6290,2024-09-18,Business,61.4,212,completed
EVT-00422,7239,Jan 30 2024,Engineering,7.7,178,completed
EVT-00262,8917,01/11/2024,Business,66.8,168,in_progress
EVT-00335,4703,09/17/2024,Engineering,23.1,406,completed
EVT-00455,8969,08/07/2024,Security,22.4,182,completed
EVT-00089,8424,Jul 17 2024,Security,7.9,16,completed
EVT-00222,9418,2024-07-14,Engineering,52.9,388,in_progress
EVT-00017,5914,Apr 23 2024,Engineering,29.2,478,completed
EVT-00426,2476,2024-01-11,Data,53.5,292,completed
EVT-00274,5861,Feb 28 2024,Engineering,49.7,451,dropped
EVT-00344,4568,Feb 08 2024,Engineering,43.9,159,in_progress
EVT-00378,2813,Apr 24 2024,Business,41.0,426,completed
EVT-00240,9601,12/09/2024,Engineering,26.1,40,dropped
EVT-00037,4510,Jul 13 2024,Engineering,,385,dropped
EVT-00288,9454,May 16 2024,Business,80.7,425,completed
EVT-00208,2701,Jun 07 2024,Business,15.7,472,completed
EVT-00326,6990,2024-09-22,Security,,363,in_progress
EVT-00087,6748,Mar 24 2024,Business,44.7,51,completed
EVT-00310,4691,2024-11-11,Data,44.9,217,completed
EVT-00352,2758,Sep 01 2024,Business,8.2,395,completed
EVT-00010,6939,Nov 10 2024,Business,69.6,160,in_progress
EVT-00409,5985,Oct 10 2024,Business,20.7,199,in_progress
EVT-00270,3626,Jul 06 2024,Data,9.6,304,in_progress
EVT-00466,5339,Dec 07 2024,Security,72.2,456,in_progress
EVT-00264,5535,Jun 27 2024,Data,39.4,354,in_progress
EVT-00252,7417,Jun 28 2024,Security,59.1,142,completed
EVT-00232,5909,Jul 27 2024,Security,51.3,55,completed
EVT-00175,3137,2024-05-22,Design,2.5,374,dropped
EVT-00218,1429,2024-02-07,Design,76.3,36,in_progress
EVT-00454,1803,2024-08-04,Security,26.6,195,in_progress
EVT-00110,2040,04/28/2024,Business,97.9,209,completed
EVT-00226,9022,Jul 17 2024,Business,94.9,287,in_progress
EVT-00106,9172,Jan 01 2024,Design,72.6,43,completed
EVT-00482,9980,05/28/2024,Security,72.6,433,completed
EVT-00484,7282,10/04/2024,Security,5.1,322,completed
EVT-00385,7856,Jan 18 2024,Data,59.4,453,completed
EVT-00163,6534,11/21/2024,Design,71.7,430,completed
EVT-00140,2932,07/09/2024,Business,4.2,351,completed
EVT-00471,4061,2024-12-29,Security,48.6,346,completed
EVT-00046,2373,12/02/2024,Design,98.7,159,completed
EVT-00465,8031,Dec 10 2024,Design,4.8,442,dropped
EVT-00383,1556,09/02/2024,Security,57.9,361,completed
EVT-00367,4317,07/29/2024,Engineering,7.2,273,in_progress
EVT-00401,7527,2024-05-10,Data,28.0,321,dropped
EVT-00476,9960,Aug 12 2024,Engineering,70.2,352,completed
EVT-00380,1694,Mar 11 2024,Security,16.2,476,completed
EVT-00067,4036,Dec 25 2024,Data,49.2,118,dropped
EVT-00402,6555,Sep 10 2024,Data,95.5,309,completed
EVT-00192,1346,Nov 15 2024,Engineering,58.9,362,completed
EVT-00170,1862,Oct 31 2024,Security,60.7,172,completed
EVT-00445,3742,2024-07-02,Business,86.8,401,completed
EVT-00292,6197,2024-05-29,Security,93.7,388,completed
EVT-00034,5308,Jan 06 2024,Engineering,14.4,447,dropped
EVT-00051,4361,2024-02-09,Engineering,27.7,399,completed
EVT-00316,1148,07/19/2024,Security,12.5,267,completed
EVT-00116,4608,Mar 03 2024,Engineering,88.5,46,completed
EVT-00420,8645,Sep 24 2024,Security,82.7,10,completed
EVT-00255,3490,2024-07-23,Engineering,99.5,32,completed
EVT-00393,7098,2024-04-17,Design,81.4,165,dropped
EVT-00481,7866,2024-12-04,Engineering,11.9,371,completed
EVT-00452,4550,Mar 23 2024,Design,93.2,216,completed
EVT-00165,9706,05/18/2024,Security,0.7,442,completed
EVT-00256,8025,2024-01-26,Data,53.8,475,completed
EVT-00056,8298,Jan 21 2024,Engineering,78.3,208,in_progress
EVT-00242,9669,12/27/2024,Design,88.9,54,completed
EVT-00427,5832,2024-02-17,Engineering,30.5,76,in_progress
EVT-00295,2822,09/27/2024,Business,64.5,384,completed
EVT-00152,4139,12/19/2024,Data,12.5,448,completed
EVT-00016,9860,2024-08-18,Security,60.9,255,completed
EVT-00351,6202,2024-06-25,Design,,201,completed
EVT-00022,6094,Jan 14 2024,Data,43.9,59,completed
EVT-00322,1653,Jun 27 2024,Data,97.0,142,in_progress
EVT-00194,3841,Oct 29 2024,Security,6.8,52,completed
EVT-00241,8362,2024-12-11,Data,20.5,40,in_progress
EVT-00179,1655,Apr 13 2024,Security,50.8,452,completed
EVT-00447,5460,Dec 01 2024,Engineering,14.1,259,completed
EVT-00042,7266,Jun 18 2024,Data,93.4,276,completed
EVT-00133,7757,May 05 2024,Design,60.7,338,completed
EVT-00148,7967,Oct 21 2024,Data,46.2,427,dropped
EVT-00432,9505,2024-05-31,Security,80.2,99,dropped
EVT-00254,1087,Sep 22 2024,Design,69.9,54,completed
EVT-00282,7835,Nov 14 2024,Design,74.5,354,completed
EVT-00472,7064,05/26/2024,Engineering,32.5,269,completed
EVT-00069,9946,Jun 10 2024,Data,17.8,83,completed
EVT-00399,1506,11/26/2024,Design,1.4,17,completed
EVT-00191,4370,2024-06-13,Design,10.7,169,completed
EVT-00429,5095,Jun 09 2024,Security,27.3,368,dropped
EVT-00158,9336,05/15/2024,Engineering,61.7,174,completed
EVT-00021,8987,2024-02-22,Engineering,94.8,45,completed
EVT-00276,7327,Mar 21 2024,Design,90.6,173,completed
EVT-00160,1083,12/07/2024,Design,,64,completed
EVT-00250,1502,06/08/2024,Business,33.8,478,completed
EVT-00403,4428,Aug 14 2024,Business,65.6,411,dropped
EVT-00088,2578,Sep 16 2024,Engineering,29.1,374,completed
EVT-00302,7077,Nov 20 2024,Business,15.1,332,completed
EVT-00217,7904,04/29/2024,Data,3.7,50,dropped
EVT-00457,3806,2024-04-29,Engineering,59.8,451,in_progress
EVT-00050,6925,2024-05-03,Security,2.8,287,in_progress
EVT-00423,2648,2024-06-21,Design,38.2,158,in_progress
EVT-00301,3161,2024-03-16,Security,95.3,381,completed
EVT-00289,9035,07/22/2024,Data,22.2,420,dropped
EVT-00079,8426,Aug 29 2024,Engineering,30.5,72,completed
EVT-00225,4390,2024-08-27,Business,81.9,336,completed
EVT-00077,2094,Mar 13 2024,Security,57.8,337,completed
EVT-00376,8477,2024-07-25,Business,2.8,122,completed
EVT-00031,4761,2024-06-29,Security,95.4,100,completed
EVT-00220,2845,12/03/2024,Engineering,31.2,469,completed
EVT-00094,8023,2024-03-29,Security,18.4,238,completed
EVT-00205,1870,Nov 20 2024,Design,1.6,449,completed
EVT-00337,6259,05/04/2024,Design,52.4,82,dropped
EVT-00464,8473,2024-11-13,Business,16.7,376,in_progress
EVT-00371,6917,2024-04-27,Design,81.3,189,completed
EVT-00060,4876,May 25 2024,Data,0.3,432,in_progress
EVT-00434,6981,05/25/2024,Business,9.9,102,completed
EVT-00011,5547,2024-09-05,Engineering,42.3,183,in_progress
EVT-00048,8881,Jun 02 2024,Data,,70,in_progress
EVT-00247,8583,10/14/2024,Engineering,64.4,183,completed
EVT-00425,8670,11/21/2024,Design,52.6,307,completed
EVT-00182,7771,Oct 29 2024,Business,24.9,362,in_progress
EVT-00135,3372,2024-05-23,Security,27.1,187,completed
EVT-00267,2747,10/23/2024,Data,5.9,397,completed
EVT-00008,5215,2024-06-22,Design,96.0,359,completed
EVT-00066,6618,2024-01-16,Data,16.1,33,completed
EVT-00306,9996,2024-07-14,Security,79.5,224,completed
EVT-00204,4195,2024-11-14,Engineering,41.5,50,in_progress
EVT-00346,9496,2024-07-16,Engineering,13.0,470,in_progress
EVT-00013,3592,Oct 14 2024,Business,5.7,336,completed
EVT-00440,6416,2024-08-06,Engineering,19.7,94,completed
EVT-00053,2422,09/03/2024,Business,4.7,303,in_progress
EVT-00236,1038,2024-05-25,Security,90.2,80,in_progress
EVT-00407,3176,2024-09-21,Engineering,83.7,257,completed
EVT-00209,7843,07/27/2024,Security,47.8,375,completed
EVT-00415,4429,2024-01-15,Design,12.8,470,in_progress
EVT-00450,5905,2024-12-29,Business,34.1,372,in_progress
EVT-00308,8084,Sep 25 2024,Security,46.1,378,completed
EVT-00162,3113,2024-07-26,Engineering,18.0,199,completed
EVT-00283,1324,2024-03-13,Business,52.1,356,completed
EVT-00033,7326,2024-06-17,Data,76.9,448,completed
EVT-00246,2619,10/31/2024,Security,74.7,337,completed
EVT-00398,3826,05/21/2024,Data,86.5,369,completed
EVT-00029,5929,2024-06-27,Engineering,76.4,210,dropped
EVT-00416,6250,07/10/2024,Data,85.3,146,in_progress
EVT-00058,7359,Aug 06 2024,Business,26.8,464,completed
EVT-00004,6731,2024-03-01,Data,72.9,52,completed
EVT-00009,4098,Oct 23 2024,Engineering,68.8,221,completed
EVT-00213,9851,2024-04-03,Business,35.1,389,completed
EVT-00281,7276,2024-03-05,Design,62.9,160,completed
EVT-00314,8207,2024-12-28,Security,39.1,273,completed
EVT-00197,6847,03/01/2024,Engineering,51.4,116,completed
EVT-00483,5047,2024-02-11,Security,30.4,82,completed
EVT-00377,4892,2024-08-27,Business,79.7,218,completed
EVT-00487,9108,Mar 20 2024,Business,10.8,211,completed
EVT-00421,1909,04/12/2024,Security,74.8,435,completed
EVT-00121,3721,03/28/2024,Engineering,96.7,53,completed
EVT-00201,6775,Feb 01 2024,Design,15.7,67,dropped
EVT-00336,8313,Oct 13 2024,Engineering,87.3,10,completed
EVT-00405,3711,2024-12-30,Security,71.4,139,completed
EVT-00275,1234,10/08/2024,Design,34.9,114,in_progress
EVT-00216,3552,2024-09-04,Design,18.8,15,completed
EVT-00125,9104,2024-08-20,Data,89.2,422,completed
EVT-00448,5399,2024-12-28,Design,34.5,288,in_progress
EVT-00296,5525,Nov 23 2024,Security,20.5,383,in_progress
EVT-00442,7047,2024-10-30,Data,10.9,193,completed
EVT-00187,8690,2024-06-05,Security,,250,completed
EVT-00184,7608,02/06/2024,Design,3.4,375,completed
EVT-00363,9407,2024-07-21,Engineering,48.0,233,completed
EVT-00251,1357,2024-02-20,Business,51.8,46,completed
EVT-00189,8825,2024-06-20,Security,55.9,428,completed
EVT-00488,1783,Sep 09 2024,Security,95.7,393,completed
EVT-00044,1660,11/25/2024,Business,77.3,74,completed
EVT-00238,3405,08/14/2024,Engineering,72.3,16,completed
EVT-00150,8370,08/22/2024,Design,87.8,203,in_progress
EVT-00475,8611,Oct 23 2024,Engineering,96.6,94,completed
EVT-00359,8792,May 29 2024,Business,34.0,47,completed
EVT-00257,6424,10/08/2024,Business,72.7,172,in_progress
EVT-00273,2926,Oct 18 2024,Design,62.6,341,completed
EVT-00215,3705,2024-01-24,Data,80.9,123,dropped
EVT-00146,5552,Oct 18 2024,Design,83.1,92,completed
EVT-00143,9960,Mar 16 2024,Security,92.3,61,dropped
EVT-00449,3483,2024-02-05,Design,81.4,69,completed
EVT-00173,6755,01/13/2024,Business,28.5,431,completed
EVT-00161,6403,Aug 20 2024,Design,60.6,466,completed
EVT-00473,3374,10/19/2024,Data,26.1,246,completed
EVT-00372,1437,2024-02-12,Security,81.5,207,in_progress
EVT-00177,3036,Jun 11 2024,Security,46.4,330,dropped
EVT-00400,8335,Jan 09 2024,Engineering,27.3,362,dropped
EVT-00124,9115,Oct 20 2024,Security,13.4,261,completed
EVT-00323,6464,01/18/2024,Security,14.5,290,completed
EVT-00145,2458,12/13/2024,Security,19.7,156,completed
EVT-00006,9825,2024-10-05,Business,49.8,262,dropped
EVT-00325,1470,2024-10-10,Engineering,20.6,370,completed
EVT-00114,4600,02/23/2024,Data,76.7,64,completed
EVT-00468,6935,Sep 25 2024,Data,25.7,56,completed
EVT-00024,9567,Feb 20 2024,Security,26.3,245,completed
EVT-00036,8539,2024-02-16,Data,64.3,351,completed
EVT-00298,9140,2024-06-26,Data,99.5,335,completed
EVT-00180,3754,Aug 11 2024,Business,54.3,316,dropped
EVT-00221,4136,2024-10-08,Data,73.3,308,completed
EVT-00272,2979,2024-02-22,Business,36.6,317,in_progress
EVT-00202,8164,2024-05-29,Security,7.4,246,in_progress
EVT-00315,9589,2024-01-02,Data,19.5,187,completed
EVT-00115,2347,11/09/2024,Data,97.5,72,completed
EVT-00268,3174,06/22/2024,Business,50.4,407,completed
EVT-00446,3895,Jan 12 2024,Data,98.6,330,in_progress
EVT-00155,3294,Aug 21 2024,Design,33.4,371,in_progress
EVT-00057,4666,2024-04-02,Design,86.7,417,completed
EVT-00259,3379,2024-01-26,Data,28.2,439,completed
EVT-00412,2765,2024-12-27,Business,48.9,110,in_progress
EVT-00070,9017,Aug 02 2024,Engineering,55.6,154,completed
EVT-00235,3260,Feb 01 2024,Business,81.2,392,completed
EVT-00038,8463,11/25/2024,Engineering,85.3,267,in_progress
EVT-00361,9060,11/28/2024,Design,49.3,378,completed
EVT-00356,3854,Oct 03 2024,Security,95.9,58,completed
EVT-00346,2445,2024-11-19,Design,15.9,128,completed
EVT-00101,6720,2024-10-07,Business,3.6,254,completed
EVT-00229,7035,06/22/2024,Security,40.6,109,completed
EVT-00196,8579,May 12 2024,Design,34.3,411,completed
EVT-00195,9213,2024-09-12,Engineering,27.6,404,in_progress
EVT-00090,9065,2024-02-17,Business,57.3,367,completed
EVT-00474,2203,Jan 27 2024,Security,66.9,246,completed
EVT-00459,5950,08/21/2024,Data,90.4,439,completed
EVT-00164,3809,2024-09-01,Engineering,86.4,92,completed
EVT-00379,9602,Nov 09 2024,Security,74.6,295,completed
EVT-00441,8289,Dec 07 2024,Security,94.9,258,in_progress
EVT-00082,3646,05/08/2024,Design,46.9,260,completed
EVT-00074,8388,12/29/2024,Design,57.0,372,completed
EVT-00444,4718,2024-04-29,Business,14.8,12,completed
EVT-00345,8708,Jul 18 2024,Business,9.7,333,completed
EVT-00408,7179,01/20/2024,Data,98.4,64,dropped
EVT-00043,2951,10/10/2024,Data,94.6,321,completed
EVT-00095,3835,07/22/2024,Business,92.9,293,completed
EVT-00018,3290,Oct 16 2024,Data,98.7,210,dropped
EVT-00396,4022,2024-01-06,Security,80.9,378,completed
EVT-00166,4890,02/22/2024,Engineering,11.4,293,in_progress
EVT-00181,6934,05/23/2024,Engineering,54.1,341,completed
EVT-00045,8239,2024-04-04,Data,68.2,61,in_progress
EVT-00012,8729,12/18/2024,Security,48.3,311,dropped
EVT-00153,5173,07/17/2024,Design,0.5,100,completed
EVT-00391,8866,01/01/2024,Data,85.7,209,completed
EVT-00041,2868,Apr 05 2024,Design,23.4,220,in_progress
EVT-00005,3915,07/31/2024,Security,61.1,33,completed
EVT-00262,9194,Mar 23 2024,Engineering,68.2,210,in_progress
EVT-00119,4705,12/06/2024,Business,30.2,252,dropped
EVT-00151,2597,2024-10-18,Business,59.7,19,completed
EVT-00286,2852,Apr 18 2024,Data,39.1,339,completed
EVT-00453,9227,06/08/2024,Security,55.5,312,completed
EVT-00365,7199,Apr 22 2024,Data,10.3,476,completed
EVT-00156,3623,02/06/2024,Design,3.0,86,in_progress
EVT-00313,4966,03/13/2024,Engineering,33.4,246,dropped
EVT-00002,3783,Nov 18 2024,Design,55.5,183,completed
EVT-00139,6739,Sep 17 2024,Design,51.2,228,completed
EVT-00490,9890,01/31/2024,Data,59.0,480,completed
EVT-00353,5796,2024-10-08,Security,64.5,464,completed
EVT-00117,7161,2024-06-19,Data,49.8,362,completed
EVT-00098,3027,02/21/2024,Data,35.3,378,completed
EVT-00349,1018,10/28/2024,Business,38.8,67,in_progress
EVT-00134,7630,12/29/2024,Security,80.4,139,dropped
EVT-00340,1748,10/26/2024,Engineering,51.8,259,completed
EVT-00138,3724,2024-05-27,Business,65.8,413,in_progress
EVT-00307,4953,11/12/2024,Business,8.8,378,completed
EVT-00040,5581,Nov 26 2024,Security,47.2,446,completed
EVT-00212,2214,2024-04-08,Security,90.1,398,completed
EVT-00107,6887,2024-02-20,Engineering,44.6,436,in_progress
EVT-00075,2209,12/21/2024,Data,14.4,317,completed
EVT-00214,1926,07/23/2024,Data,6.4,111,completed
EVT-00342,3396,2024-10-25,Business,19.6,305,completed
EVT-00297,7609,06/18/2024,Design,91.9,48,completed
EVT-00311,2376,01/27/2024,Data,69.5,407,completed
EVT-00100,9212,Jun 25 2024,Security,3.1,65,completed
EVT-00374,1938,2024-07-24,Security,6.8,435,completed
EVT-00233,6606,2024-01-19,Engineering,43.6,104,in_progress
EVT-00480,6475,Dec 12 2024,Business,60.9,131,completed
EVT-00231,4847,2024-09-14,Design,67.6,472,completed
EVT-00378,4858,Oct 31 2024,Security,83.7,298,completed
EVT-00219,8260,2024-12-16,Engineering,23.9,174,completed
EVT-00277,6592,Dec 25 2024,Data,24.9,64,completed
EVT-00019,7613,06/10/2024,Engineering,5.2,55,completed
EVT-00413,6114,Apr 23 2024,Security,84.7,445,completed
EVT-00035,9670,2024-06-23,Design,24.2,191,completed
EVT-00129,3012,06/03/2024,Data,7.5,11,completed
EVT-00063,1809,10/12/2024,Security,91.7,143,in_progress
EVT-00047,5975,2024-03-28,Design,,404,in_progress
EVT-00329,1187,Feb 02 2024,Security,8.4,358,completed
EVT-00109,2929,10/08/2024,Business,36.4,257,completed
EVT-00072,1062,2024-11-26,Security,58.1,244,dropped
EVT-00358,2991,2024-08-26,Security,17.4,56,completed
EVT-00049,5110,2024-07-11,Security,,121,completed
EVT-00081,3049,02/29/2024,Data,34.4,162,in_progress
EVT-00128,8815,Jan 03 2024,Engineering,32.1,312,completed
EVT-00102,1120,2024-01-18,Data,43.1,373,completed
EVT-00224,8215,2024-06-17,Engineering,31.2,246,completed
EVT-00243,1369,12/06/2024,Engineering,47.3,233,in_progress
EVT-00411,5968,Sep 28 2024,Design,,306,completed
EVT-00470,3546,05/17/2024,Engineering,96.5,364,completed
EVT-00228,7585,Oct 12 2024,Design,50.5,428,completed
EVT-00020,9697,11/27/2024,Business,4.7,441,in_progress
EVT-00280,5690,2024-09-22,Security,34.2,310,in_progress
EVT-00245,9755,Nov 25 2024,Business,4.3,290,completed
EVT-00330,3027,Sep 17 2024,Business,92.7,415,completed
EVT-00040,7922,2024-10-08,Engineering,43.0,273,dropped
EVT-00438,2152,03/25/2024,Security,63.1,188,completed
EVT-00078,7099,08/21/2024,Engineering,9.6,129,in_progress
EVT-00348,6508,Jan 25 2024,Business,30.7,299,dropped
EVT-00424,1826,Dec 10 2024,Data,14.8,238,completed
EVT-00054,8081,Mar 27 2024,Business,36.3,423,completed
EVT-00200,1006,02/18/2024,Data,36.3,14,completed
EVT-00023,9229,2024-10-19,Security,27.3,154,completed
EVT-00479,9912,01/09/2024,Security,40.4,221,completed
EVT-00392,4532,2024-07-07,Data,32.4,46,dropped
EVT-00369,4365,2024-10-14,Engineering,74.5,346,completed
EVT-00061,5603,2024-01-13,Data,,442,completed
EVT-00389,1421,2024-06-02,Data,98.7,66,in_progress
EVT-00456,1544,2024-09-27,Security,19.0,354,completed
EVT-00244,8062,Sep 08 2024,Data,32.8,58,completed
EVT-00059,3024,12/18/2024,Business,66.8,197,completed
EVT-00433,5380,2024-04-06,Business,50.5,176,completed
EVT-00007,4896,11/18/2024,Design,32.1,65,completed
EVT-00234,4457,01/31/2024,Business,59.1,67,completed
EVT-00171,6597,Jul 03 2024,Data,4.5,162,completed
EVT-00183,8771,Apr 23 2024,Engineering,80.7,315,completed
EVT-00291,6997,2024-04-19,Design,70.8,69,completed
EVT-00373,5396,Aug 18 2024,Engineering,40.4,113,completed
EVT-00384,8163,Feb 25 2024,Data,68.8,84,completed
EVT-00418,6560,Feb 28 2024,Design,,395,dropped
EVT-00111,1782,Aug 23 2024,Design,44.0,115,completed
EVT-00319,2120,Nov 16 2024,Security,22.3,157,completed
EVT-00269,9927,2024-01-19,Engineering,68.2,374,completed
EVT-00223,4000,2024-09-07,Engineering,20.2,105,in_progress
EVT-00113,1539,Mar 21 2024,Design,85.7,470,completed
EVT-00305,5577,2024-08-07,Design,96.9,389,completed
EVT-00026,9974,08/24/2024,Data,11.2,311,completed
EVT-00469,1604,Aug 15 2024,Business,7.6,84,completed
EVT-00062,2269,Dec 22 2024,Business,9.8,399,dropped
EVT-00357,4869,Aug 05 2024,Security,52.8,61,in_progress
EVT-00414,7374,09/05/2024,Data,83.8,239,completed
EVT-00141,5846,Oct 28 2024,Data,94.3,290,completed
EVT-00386,6573,Dec 12 2024,Security,0.3,158,completed
EVT-00028,5290,05/10/2024,Design,96.5,175,completed
EVT-00085,9979,2024-12-13,Business,16.5,89,completed
EVT-00168,2878,Sep 10 2024,Security,45.7,29,dropped
EVT-00300,6202,02/03/2024,Business,36.5,383,completed
EVT-00347,5389,05/08/2024,Business,67.6,298,completed
EVT-00030,1523,Jul 08 2024,Security,32.4,59,in_progress
EVT-00461,2310,07/16/2024,Security,,294,completed
EVT-00131,5549,04/07/2024,Business,,126,completed
EVT-00299,2331,02/22/2024,Data,31.1,434,completed
EVT-00253,8322,2024-10-03,Engineering,16.3,21,completed
EVT-00263,2061,Apr 17 2024,Engineering,12.8,101,dropped
EVT-00393,7389,2024-02-06,Engineering,15.7,160,completed
EVT-00224,1473,2024-12-16,Data,27.4,92,in_progress
EVT-00435,7439,09/23/2024,Security,89.6,378,completed
EVT-00362,7482,2024-01-16,Data,8.0,165,completed
EVT-00123,4459,06/17/2024,Design,,18,in_progress
EVT-00130,9101,04/07/2024,Business,80.1,67,completed
EVT-00223,1518,2024-01-25,Business,58.1,200,completed
EVT-00334,1112,2024-11-05,Security,98.6,399,in_progress
EVT-00154,1894,07/23/2024,Data,29.9,228,in_progress
EVT-00052,8442,Sep 09 2024,Data,78.6,361,completed
EVT-00417,5991,2024-11-16,Design,89.7,284,in_progress
EVT-00032,1915,09/21/2024,Design,49.6,266,in_progress
EVT-00390,4529,Jan 21 2024,Design,86.6,165,completed
EVT-00206,3063,2024-05-12,Business,34.1,78,completed
EVT-00248,9428,Jun 29 2024,Design,68.1,143,dropped
EVT-00186,4631,2024-10-30,Design,23.7,401,completed
EVT-00278,3469,07/06/2024,Security,68.2,256,in_progress
EVT-00176,2593,02/10/2024,Business,77.3,162,completed
EVT-00350,3074,02/10/2024,Design,44.5,393,completed
EVT-00271,8022,Jan 19 2024,Data,11.8,232,completed
EVT-00174,3491,2024-06-10,Data,7.1,246,completed
EVT-00303,5014,2024-12-05,Security,70.0,434,dropped
EVT-00354,5399,2024-03-30,Data,51.5,123,completed
EVT-00149,5182,09/03/2024,Engineering,11.5,289,completed
EVT-00366,6233,01/08/2024,Business,24.2,409,completed
EVT-00260,3476,Oct 18 2024,Data,46.6,12,completed
EVT-00460,2672,2024-09-06,Data,40.6,335,completed
EVT-00317,5231,2024-05-22,Design,21.2,305,completed
EVT-00368,7404,Feb 19 2024,Business,37.8,387,completed
EVT-00127,4212,Dec 05 2024,Design,66.7,451,completed
EVT-00312,1802,2024-12-13,Security,18.3,156,completed
EVT-00027,6088,08/15/2024,Engineering,52.5,38,completed
EVT-00388,7927,Jan 10 2024,Engineering,73.6,141,completed
EVT-00284,9076,11/17/2024,Data,76.9,203,completed
EVT-00320,6973,2024-07-12,Data,12.4,226,completed
EVT-00065,4223,Apr 10 2024,Data,5.0,10,completed
EVT-00199,3371,2024-09-29,Design,88.8,282,completed
EVT-00467,1879,2024-02-02,Security,21.5,417,in_progress
EVT-00410,7972,2024-11-21,Engineering,76.4,48,completed
EVT-00230,6199,May 24 2024,Design,64.9,242,completed
EVT-00122,8743,Mar 18 2024,Engineering,71.3,124,in_progress
EVT-00341,9119,Nov 01 2024,Design,81.4,159,completed
EVT-00014,5936,02/24/2024,Business,55.0,256,completed
EVT-00431,9336,Nov 05 2024,Design,7.9,35,in_progress
EVT-00086,9319,Dec 28 2024,Data,,474,completed
EVT-00099,7390,Aug 17 2024,Data,6.6,444,completed
EVT-00084,9792,Nov 13 2024,Engineering,22.4,404,dropped
EVT-00290,5840,May 05 2024,Design,25.1,473,completed
EVT-00436,9610,2024-01-02,Engineering,94.2,434,completed
EVT-00397,5554,Oct 13 2024,Engineering,11.8,109,in_progress
EVT-00076,8350,2024-11-23,Security,81.4,416,completed
EVT-00203,9873,2024-12-24,Design,34.1,281,in_progress
EVT-00309,7685,02/18/2024,Business,79.9,338,in_progress
EVT-00003,4127,10/26/2024,Design,,146,in_progress
EVT-00093,7274,06/10/2024,Business,89.4,261,completed
EVT-00064,3927,11/06/2024,Security,30.1,361,completed
EVT-00327,3431,2024-01-08,Design,76.1,159,completed
EVT-00333,5067,2024-08-11,Engineering,58.8,32,dropped
EVT-00439,6550,Apr 04 2024,Engineering,58.0,471,completed
EVT-00083,1007,12/17/2024,Security,5.7,345,in_progress
EVT-00193,5224,2024-12-17,Design,51.7,155,completed
EVT-00419,6057,05/31/2024,Data,21.3,351,completed
EVT-00406,3324,Dec 18 2024,Security,96.3,116,dropped
EVT-00462,5942,04/30/2024,Data,43.2,134,completed
EVT-00142,4468,2024-10-28,Engineering,61.1,55,completed
EVT-00285,7523,01/20/2024,Data,56.7,183,completed
EVT-00237,8316,May 17 2024,Security,,439,completed
EVT-00207,1037,07/18/2024,Business,63.8,403,completed
EVT-00108,3843,2024-06-10,Data,9.3,193,completed
EVT-00428,5747,01/11/2024,Business,14.6,452,completed
EVT-00210,9519,Apr 02 2024,Data,22.7,111,dropped
EVT-00321,4035,05/30/2024,Security,8.4,365,completed
EVT-00190,4110,06/28/2024,Business,83.6,264,in_progress
EVT-00178,3177,05/29/2024,Security,84.5,409,completed
EVT-00458,7708,12/18/2024,Business,98.6,376,completed
EVT-00097,6980,10/19/2024,Design,54.7,52,completed
EVT-00073,4981,May 14 2024,Design,93.9,265,completed
EVT-00092,9937,Sep 06 2024,Security,7.9,71,dropped
EVT-00359,3791,Jul 24 2024,Engineering,45.2,429,completed
EVT-00394,1083,2024-11-24,Engineering,44.2,249,completed
EVT-00430,5850,Jul 05 2024,Security,64.6,164,in_progress
EVT-00159,2803,03/08/2024,Business,53.2,280,completed
EVT-00118,8078,Sep 17 2024,Security,83.1,353,completed
EVT-00172,7544,Feb 11 2024,Security,10.0,36,completed
EVT-00105,3296,May 07 2024,Design,9.2,385,in_progress
EVT-00485,7523,2024-06-14,Business,1.9,67,completed
EVT-00332,7036,Aug 05 2024,Design,79.4,119,in_progress
EVT-00478,2489,09/06/2024,Data,15.1,74,completed
EVT-00338,1831,11/26/2024,Engineering,8.1,104,in_progress
EVT-00025,9195,02/21/2024,Engineering,69.9,37,in_progress
