"#","Element","Category","Threat","Likelihood","L rationale","Impact","I rationale","Severity","Notes"
"T-01","Customer — external entity","Spoofing","An attacker uses a stolen or replayed customer authentication token to impersonate another customer and access or modify that customer’s cart.","Medium","The attack requires a valid stolen or replayable token, but credential theft and session replay are common techniques using standard tooling.","High","Successful impersonation could expose customer information and permit unauthorized modification of a cart or checkout transaction.","High","Require token signature, issuer, audience, expiry, replay, and session-binding checks."
"T-02","Payment provider — external entity","Spoofing","An attacker impersonates the payment provider or forges an authorization response, causing cart-api to treat an unpaid order as authorized.","Low","The attacker would need to defeat authenticated transport, provider identity checks, or transaction correlation rather than merely submit a public request.","High","A forged authorization could cause financial loss, fraudulent fulfilment, payment disputes, and audit findings.","Medium","Low likelihood and high impact produce Medium severity under the course grid; verify signed responses and transaction correlation."
"T-03","Language-model provider — external entity","Repudiation","The model provider disputes processing a prompt or returning a harmful summary because requests and responses lack immutable correlation IDs and timestamps.","Low","Exploitation requires missing audit correlation plus a dispute or investigation where provider-side evidence is unavailable.","Medium","The gap could weaken investigation and accountability but would not by itself expose data or change an order.","Low","Record DIAL request ID, timestamp, model/version, policy result, and response status."
"T-04","cart-api — process","Spoofing","An attacker who obtains the cart-api service identity impersonates the service when calling Postgres, DIAL, inventory, or payment APIs.","Medium","The attacker must first compromise a workload identity or credential, but the draft manifest exposes plaintext credentials and the pipeline uses long-lived secrets.","High","The identity could provide access to customer records, AI usage, inventory operations, or payment-related service calls.","High","Replace shared credentials with scoped short-lived workload identities and rotate any exposed secrets."
"T-05","cart-api — process","Tampering","A customer submits a crafted cart or order identifier and exploits missing object-level authorization to change another customer’s cart contents, quantities, delivery details, or order state.","High","The public API accepts customer-controlled resource identifiers, and automated authorization-testing tools are widely available; object-level authorization is not evidenced.","High","A successful attack could alter customer orders, prices, quantities, recipients, or checkout state and cause financial and customer harm.","Critical","Critical candidate: enforce authorization on every object read and write and test cross-customer access explicitly."
"T-06","cart-api — process","Repudiation","A customer or operator denies performing a checkout or recovery action because logs do not bind identity, request ID, timestamp, action, and outcome.","Medium","The required audit fields and tamper-resistant storage are described as needed but are not confirmed in the supplied artefacts.","Medium","Missing evidence could obstruct dispute handling and incident investigation without directly causing the original transaction.","Medium","Add correlated and tamper-resistant audit events across the gateway, application, and payment provider."
"T-07","cart-api — process","Information Disclosure","Verbose API errors, traces, or application logs expose authentication tokens, database connection details, payment references, cart contents, or AI prompts.","Medium","Verbose diagnostics and accidental sensitive logging are common, while confirmed redaction rules and tests are absent.","High","Exposure of tokens, credentials, payment references, or customer cart data could lead to account compromise or a reportable incident.","High","Apply structured logging, secret and PII redaction, response minimization, access controls, and retention limits."
"T-08","cart-api — process","Denial of Service","An attacker sends oversized carts or repeatedly invokes the AI-summary endpoint, exhausting pod memory and causing OOMKilled, CrashLoopBackOff, latency, and checkout errors.","High","The Module 800 incident already demonstrated OOMKilled after the AI-summary deployment, and repeated requests can be automated through the public service.","High","All three cart-api replicas could fail, disrupting the single checkout service and preventing active customers from using cart or checkout functions.","Critical","TOP CRITICAL RISK. Blast radius: 3 of 3 cart-api replicas; 1 checkout service; 1 AI-summary feature; up to 3,000,000 AI calls/month and $15,000 forecast AI spend without enforcement. The exact number of affected active customers is UNKNOWN — Product/Operations owner needed. The proposed DIAL ceiling is $12,000/month, but enforcement evidence is still required."
"T-09","cart-api — process","Elevation of Privilege","Exploitation of cart-api or its overprivileged Kubernetes service account allows an attacker to access secrets or resources beyond the requesting customer’s cart.","Medium","The attacker must first exploit the workload or obtain its identity, but the service-account scope and network restrictions are not evidenced.","High","Successful elevation could expose database and DIAL credentials, customer records, or other cluster resources.","High","Review RBAC, namespace isolation, network policy, secret access, and workload-identity permissions."
"T-10","EPAM DIAL gateway — process","Tampering","Malicious customer or catalogue text embedded in cart content acts as indirect prompt injection and causes the model to ignore approved instructions or misrepresent the cart.","High","Product and customer-controlled text enters the prompt, and prompt-injection payloads can be created with public knowledge and standard access.","Medium","A manipulated summary could mislead a customer, but the model is not intended to write orders or authorize payment.","High","OWASP LLM01 candidate; isolate instructions from data, constrain output schema, validate facts against cart records, and monitor blocks."
"T-11","Client to load balancer request — data flow","Tampering","An attacker modifies or replays a cart or checkout request to change item IDs, quantities, prices, or idempotency values.","Medium","Client requests are attacker-controlled, but success depends on missing server-side validation, authorization, price recalculation, or replay controls.","High","Successful tampering could alter orders or prices and create fraud, incorrect fulfilment, or duplicate transactions.","High","Validate schemas, recalculate authoritative prices server-side, authorize objects, and enforce idempotency and replay protection."
"T-12","cart-api to DIAL prompt — data flow","Information Disclosure","Customer identifiers, payment references, or unnecessary cart metadata are included in the prompt and leave the application boundary for DIAL and the model provider.","Medium","Prompt construction processes customer-specific cart data, while field-level minimization and redaction evidence is not available.","High","The leak could expose customer or payment-related information to an external processor and trigger contractual, privacy, or regulatory consequences.","High","OWASP LLM02 candidate; allowlist prompt fields, redact identifiers, prohibit payment data, and test the bypass case."
"T-13","DIAL to model-provider request — data flow","Denial of Service","Repeated, oversized, or retry-amplified model requests consume token capacity and budget until summarisation is refused or dependent services slow down.","High","The feature forecasts 3,000,000 calls each month, and automated retries or abuse can multiply cost unless gateway controls are enforced.","Medium","The likely direct effect is AI-feature degradation and budget exhaustion; checkout should remain available through the non-AI fallback.","High","OWASP LLM10 candidate; enforce request, token, retry, rate, and monthly cost limits with a circuit breaker."
"T-14","Postgres carts and orders — data store","Tampering","A compromised cart-api identity or vulnerable query path modifies prices, ownership, payment state, or order status directly in Postgres.","Low","Direct modification requires database access, a compromised service identity, or an exploitable query path rather than only public application access.","High","Database tampering could affect order correctness, financial reconciliation, fulfilment, and customer trust.","Medium","Low likelihood and high impact produce Medium severity; use constrained roles, parameterized queries, object authorization, and immutable audit evidence."
"T-15","Redis sessions and cart cache — data store","Information Disclosure","An attacker with network or credential access reads active session or cached cart records and uses them to expose or hijack customer activity.","Low","The attacker needs internal network reachability or valid Redis credentials, assuming the data store is not publicly exposed.","High","Exposure of active sessions could permit account misuse and disclosure of customer cart activity.","Medium","Low likelihood and high impact produce Medium severity; require private networking, authentication, encryption, short retention, and scoped access."